layer,head,accuracy,precision,recall,f1
0,0,0.507,0.5095464492774134,0.46284897166544264,0.4826982639350076
0,1,0.49559999999999993,0.4988185435650722,0.45853380052674275,0.4739524991725719
0,2,0.49799999999999994,0.49833178801272454,0.48588849757670693,0.49089712044040423
0,3,0.5059,0.5068164463378275,0.47230746292157144,0.4886536086116089
0,4,0.5107999999999999,0.5115084123024946,0.47975966623818767,0.49408694561125344
0,5,0.49499999999999994,0.4943929421697927,0.45562770881287085,0.4704296671984981
0,6,0.5016,0.502825034483181,0.47610464351457243,0.48830686973445625
0,7,0.4902,0.4891535465044822,0.4259290050694591,0.4542455772138769
0,8,0.49640000000000006,0.4969700725404408,0.44652297834756033,0.46756194964331943
0,9,0.5078999999999999,0.5089783581382352,0.4804311789853689,0.49366949342617916
0,10,0.5072,0.509104591053172,0.46528697218003534,0.48397857616356965
0,11,0.4894,0.4898383045367659,0.4582205644085649,0.4725241251746148
0,12,0.5008,0.5021180705754238,0.47811672219291507,0.48881691808571287
0,13,0.4972,0.4985872296734872,0.4345961865061231,0.46112011940157355
0,14,0.49329999999999996,0.49339028333674506,0.4696297199919153,0.4788232127068236
0,15,0.496,0.4961921883591989,0.469510321946745,0.4814244338304746
0,16,0.5005,0.5005991176871298,0.4971736216026911,0.498865212028747
0,17,0.4911,0.49175305377405787,0.42629911755919087,0.45124289785610844
0,18,0.5050999999999999,0.5063291189060012,0.47703844050620675,0.49040982525652116
0,19,0.501,0.502182635591436,0.45723556511522145,0.4770790177642323
0,20,0.4957,0.4980007209369203,0.43129473370047594,0.45692277598124004
0,21,0.5039999999999999,0.5047095234130864,0.4735548806635526,0.48738411461049136
0,22,0.5032,0.5054539158555938,0.47384146108877123,0.4865545147920313
0,23,0.4997,0.500328655157419,0.4676348826248227,0.4826295040984349
0,24,0.5024,0.5029505390978226,0.44345466436264,0.4697555802472476
0,25,0.5122,0.51327466942869,0.475068491984984,0.49319025845414066
0,26,0.5046999999999999,0.5063712372669379,0.4681102708717101,0.48419376474277154
0,27,0.5024,0.504115004209701,0.4708414187804286,0.4846035310813145
0,28,0.4997999999999999,0.500234756663346,0.4586806917694954,0.4763140546658291
0,29,0.5104,0.5109870073559805,0.49032452696093165,0.5000832871500666
0,30,0.5055,0.5074586497884314,0.4680761990038501,0.4847994794415384
0,31,0.5027,0.5073615179214481,0.4223886336225219,0.45637593415322647
1,0,0.4984,0.49933027718172374,0.4708641370587664,0.4829969583273252
1,1,0.5025,0.5029760475425428,0.49768180298242487,0.500086339187427
1,2,0.5110999999999999,0.5121697988929932,0.4774683556462386,0.49399547030347113
1,3,0.503,0.503510999049978,0.47194143941038796,0.48607010410790596
1,4,0.4958,0.49590263027924175,0.46585167159320573,0.4795488036612586
1,5,0.4941,0.4942261673755515,0.4717831247602951,0.4823445529983723
1,6,0.5051,0.5072295332045782,0.36936204719012755,0.42657886207628587
1,7,0.5142,0.5157781976057699,0.47646794536564785,0.494715888007698
1,8,0.5039,0.5047688109178252,0.45327593896201057,0.4772102743122981
1,9,0.4984,0.4986049049860452,0.47636389856852296,0.4869511339012604
1,10,0.5015,0.5015549091245005,0.45556607247597103,0.47729029005819185
1,11,0.49639999999999995,0.49658275183915024,0.4478518033869484,0.47046966965888287
1,12,0.49929999999999997,0.4999101302509129,0.45227101184441454,0.4737507600432537
1,13,0.49959999999999993,0.499783562279171,0.44448284629961393,0.46972117619472087
1,14,0.4991999999999999,0.49978333597563707,0.4952575904029022,0.4972627966699803
1,15,0.5086999999999999,0.5132733512705169,0.41090507960073575,0.4546532194606769
1,16,0.5011,0.5019537588087064,0.48787934879835887,0.49448236656908157
1,17,0.5023,0.5025156828967348,0.4961543240069746,0.4990843148401341
1,18,0.4984,0.4991153504812164,0.47898082664862357,0.4881997019664957
1,19,0.5055,0.5062912969175862,0.49244463213213063,0.49909795282315417
1,20,0.5098,0.5109924136848536,0.47195912578092686,0.4900666775414253
1,21,0.5025999999999999,0.5039036847561633,0.4475634967729816,0.47329573300297384
1,22,0.505,0.505962436317116,0.48100276845473855,0.49288625944519576
1,23,0.49729999999999996,0.4975136053579782,0.4917214510247495,0.49422932981594725
1,24,0.5014000000000001,0.5020124778912871,0.4914751047056953,0.49646151101141933
1,25,0.5098999999999999,0.5107760096091465,0.47533613982948236,0.4922202084485411
1,26,0.5136999999999999,0.5131860760222675,0.5442038456002783,0.5279509180754449
1,27,0.5001,0.5008008237578591,0.47955740852980266,0.489354199115411
1,28,0.49870000000000003,0.49970589657667697,0.47021786212761646,0.48364950917471694
1,29,0.5043,0.5047491409246421,0.471210783548541,0.4872161476250261
1,30,0.5043,0.5056931711903346,0.4461418106480052,0.4736116255672904
1,31,0.506,0.5079194410000859,0.4718486406933756,0.48793103203176846
2,0,0.5032,0.5035398400223243,0.49818359036093707,0.5007904752918156
2,1,0.5206,0.5215182115049857,0.5068535714932205,0.5138907502804173
2,2,0.5027,0.5027245421319902,0.5115803148691078,0.5070905925554807
2,3,0.5041,0.5054986345022553,0.44582327366793634,0.47285577267434187
2,4,0.5049,0.5041771864681067,0.5540942196029766,0.5276508936066746
2,5,0.5072,0.5080589341564773,0.48604663278838356,0.49657685309313376
2,6,0.5126999999999999,0.5156946497033078,0.43002583501261427,0.4684043442209367
2,7,0.5026,0.5044532928250607,0.40743612401456675,0.44944105994840866
2,8,0.5003,0.501161587466824,0.4836626436057701,0.4917385605243437
2,9,0.5074,0.5073137046422456,0.5191337865347331,0.5129829427874453
2,10,0.5072000000000001,0.5085295985486243,0.49425988854202735,0.5009065984804196
2,11,0.5015,0.5018230232007665,0.5069233472223169,0.5040554006325884
2,12,0.506,0.5069621773827265,0.4853055056871747,0.49552555153358613
2,13,0.5006,0.5005142495623753,0.50558822364552,0.5030266962692506
2,14,0.5216999999999999,0.5259971895385225,0.4424232160726425,0.48051061055730004
2,15,0.5096,0.510123427828103,0.5054129636799971,0.5073527265566738
2,16,0.4976,0.4978262314966847,0.4873298417328441,0.49213205048819225
2,17,0.5001,0.5000343531264505,0.500152767580844,0.5000927205294162
2,18,0.5014000000000001,0.5016538444683174,0.5006043401963096,0.5010388219157816
2,19,0.5008,0.5007800350386621,0.4859160900929159,0.4930142377664818
2,20,0.4981,0.4986849296321627,0.49034403883128136,0.49391798224977634
2,21,0.5010000000000001,0.5022587476229162,0.412911435220295,0.4521554829370283
2,22,0.5096,0.510247120450735,0.48366317268781217,0.49640515286314557
2,23,0.5094,0.5093291321627659,0.5211179871104034,0.5148597598112655
2,24,0.499,0.49958687719954914,0.49030986053194836,0.4943992927853501
2,25,0.5006999999999999,0.5034928025912844,0.2859058596135905,0.3636721932646945
2,26,0.5034,0.5045850130426317,0.5000536454645164,0.501036363206318
2,27,0.5055,0.5051841785682913,0.5397790977512236,0.5216170695703777
2,28,0.5170999999999999,0.5248493311315279,0.37552670575523683,0.43731971793061436
2,29,0.48869999999999997,0.4885797081046701,0.47197670087586446,0.47922592496890404
2,30,0.4974,0.4982422824283376,0.4583551877458791,0.47561743823169156
2,31,0.5013,0.5016925647743322,0.5024574997293151,0.5018400606314841
3,0,0.5149,0.5144296615669012,0.5441546572674009,0.5285412094687085
3,1,0.5307,0.5437704010498046,0.4092290317941686,0.4626491665705418
3,2,0.5055,0.5062875080933792,0.49618819540228865,0.5010459282565576
3,3,0.5191999999999999,0.5208302769224473,0.48192513613945065,0.5005264125626959
3,4,0.5128999999999999,0.5157334441558923,0.4877046971902829,0.49957763287004076
3,5,0.4991,0.499171516296329,0.49217425569316237,0.4952700274059417
3,6,0.5037,0.5032116381637465,0.5661934184753173,0.5326955893665989
3,7,0.4984,0.4991136278202955,0.5281827022080929,0.5126543513800179
3,8,0.5227999999999999,0.5246327621108655,0.488541168292136,0.5057256407279125
3,9,0.5242,0.5251273094340656,0.5078585269390544,0.5161802668269762
3,10,0.5069999999999999,0.5098691574440093,0.4764065185846166,0.49127174533961115
3,11,0.5254000000000001,0.5280754896911318,0.48314863326002955,0.5042782329353385
3,12,0.5115000000000001,0.5109589268219473,0.5363699654532262,0.5230846177813332
3,13,0.4991,0.4992071192520238,0.49420330708494775,0.49667405713489476
3,14,0.5079,0.5074292597231885,0.5272649158767149,0.5164960912023904
3,15,0.5013,0.5011638626746464,0.5061436037672881,0.5035105193523528
3,16,0.5148999999999999,0.5158615013868942,0.489672001668787,0.5022701852880591
3,17,0.5007999999999999,0.5007821811015186,0.5189987924034704,0.5094779394629987
3,18,0.5255,0.5283243462975725,0.4704552788519797,0.4975855655526753
3,19,0.5102,0.5123435531180481,0.47132820327860286,0.4901461391604718
3,20,0.5021,0.5026938009636155,0.5115268817250751,0.5066596238576612
3,21,0.5029,0.5029358931537292,0.5240679666088435,0.5128736079863524
3,22,0.5170999999999999,0.5200407857865856,0.46008820492639213,0.48745020332945294
3,23,0.4958,0.4965868361217393,0.47633063152592897,0.484190307338112
3,24,0.5035999999999999,0.5043491862938807,0.4930240015573101,0.49839745128810986
3,25,0.4978999999999999,0.49811517833549546,0.5179665986731048,0.5074858164663513
3,26,0.5237999999999999,0.5268644366455015,0.4736360725206975,0.4984477358306261
3,27,0.5067000000000002,0.5069285941614187,0.5173281673501207,0.5118181048353809
3,28,0.5067999999999999,0.5074975348446079,0.4664417845619025,0.4859721737105495
3,29,0.5095999999999999,0.5118722404286857,0.45104089347529086,0.4787128989713126
3,30,0.5317999999999999,0.5409248236237453,0.4320868659680663,0.4798553758377208
3,31,0.504,0.504060766363555,0.5361339320987225,0.5192906574425705
4,0,0.5136,0.5190877211702783,0.3819590961219169,0.43926104603909105
4,1,0.5222,0.5243243175699976,0.48352800174552674,0.5029707623432629
4,2,0.5130999999999999,0.5135235719904416,0.5013760738842723,0.5071058126278152
4,3,0.5017,0.5021046806165049,0.4890109150315408,0.4951099092943034
4,4,0.518,0.5176831025557537,0.5280183119174077,0.5226647543452966
4,5,0.4986,0.4987115628263787,0.478646369897342,0.4883750077207278
4,6,0.5135,0.5119929283198997,0.5846530744865073,0.5455543520661018
4,7,0.5050000000000001,0.5068133470629277,0.43873635240531783,0.4696498483119799
4,8,0.5034,0.5060387441016647,0.4151474648521611,0.45315523167419985
4,9,0.5114,0.5127584531486521,0.474799067672914,0.49287545900573554
4,10,0.49539999999999995,0.4952120168746337,0.48707376180346484,0.49103536753472043
4,11,0.5165,0.5182362003792769,0.471406244055126,0.4936559258852612
4,12,0.5346,0.5348963930218538,0.5310540038077356,0.5328598553460488
4,13,0.5052,0.5058561767317833,0.4790047876148,0.49189870615102516
4,14,0.5021000000000001,0.5022506633728312,0.514722489437589,0.5082738936266061
4,15,0.476,0.47039008372486213,0.36036632263654345,0.40643036081340805
4,16,0.5241,0.5297524356228105,0.4296403137985344,0.47443040116701835
4,17,0.5147,0.5161025938440801,0.46832075975007903,0.4908290440405028
4,18,0.4936999999999999,0.4932967401678283,0.4713613525199866,0.48147358574506854
4,19,0.5086,0.5078179556347827,0.5403623707914237,0.5233135893783774
4,20,0.5038,0.5035464387571216,0.534365225072084,0.5182916716459844
4,21,0.5098,0.5101031335889836,0.49992954138091805,0.5047636344485473
4,22,0.5203,0.5189251227064808,0.5486509697043831,0.533265629238895
4,23,0.514,0.5136452331670275,0.514614463791909,0.5136149222639745
4,24,0.5216000000000001,0.5253373623035248,0.46337575774617656,0.49186593183055516
4,25,0.5079,0.5081510280586162,0.4865585824502931,0.4962097377614566
4,26,0.5159,0.5188466950628593,0.4490443253826978,0.48130039470808306
4,27,0.48319999999999996,0.47799626497918746,0.36064219550670745,0.4105834282754606
4,28,0.5217999999999999,0.5180336089883776,0.6317768524569881,0.5689692266514094
4,29,0.5122,0.5083912301697906,0.6840422668537973,0.5829059088882431
4,30,0.522,0.5251513708642411,0.46391705516674353,0.4921852003267719
4,31,0.4974,0.49720572142541675,0.48866838133297297,0.4924086357614996
5,0,0.5041,0.5050867025255222,0.4186534598527579,0.4575443064433237
5,1,0.5136000000000001,0.5139089539553545,0.5064400867046726,0.510042725681945
5,2,0.5193,0.5222408815733962,0.46122871351854283,0.4896577148389499
5,3,0.5125,0.513829351624377,0.4998747534016109,0.5063125523618954
5,4,0.5099,0.5107985758740095,0.4671614001476242,0.48782407637017666
5,5,0.5117,0.5117570008425666,0.515330452743699,0.5132905808329689
5,6,0.5022,0.502156314093962,0.4995790904380356,0.500580136690681
5,7,0.5485,0.5571939840966031,0.4730395744137016,0.5116051351099273
5,8,0.5091,0.5096860628690598,0.48388767866300286,0.4962251720926515
5,9,0.49959999999999993,0.4996331282868941,0.49091474001397667,0.49513804005472617
5,10,0.5100999999999999,0.5115663449528405,0.4414503713447946,0.4736110503334922
5,11,0.5164,0.5151615300971747,0.5590499610917149,0.5360833938318171
5,12,0.5151999999999999,0.5158641276423008,0.49455151463378133,0.504804561428637
5,13,0.5266,0.5296634024446384,0.47593974171852577,0.5013212024495292
5,14,0.5117999999999999,0.5118722898140664,0.5174606033023038,0.5144068142969063
5,15,0.5016,0.5055069662544994,0.14631198492752162,0.22542706052545736
5,16,0.5487,0.5569728250869644,0.4768111603393902,0.5135601786265138
5,17,0.5067999999999999,0.5075964643495231,0.4924833417083946,0.4996375200080248
5,18,0.5156,0.515266433472074,0.5270005190648333,0.5208554503150017
5,19,0.5157,0.5201213306723698,0.41225601558197733,0.45979511591382966
5,20,0.5164,0.5173088796241652,0.5049049223555079,0.5106225883827854
5,21,0.5442,0.5494600500272016,0.49402174331819343,0.5197470365439024
5,22,0.5025999999999999,0.5024083007373761,0.5078280133116413,0.5048849039612449
5,23,0.5257999999999999,0.5247131075778113,0.5557038619135344,0.5394588442547701
5,24,0.5075,0.5075646460942229,0.5054236740382889,0.5063811809960915
5,25,0.5155000000000001,0.5149786885566973,0.5344743538550194,0.5244662221645678
5,26,0.5069000000000001,0.5079292797248348,0.49197793883745977,0.4993430441991341
5,27,0.5001,0.500606329751756,0.44555108699827894,0.47076735433091094
5,28,0.5226,0.5232550878384232,0.5188926947799579,0.5207770191160384
5,29,0.5166000000000001,0.5166627412080895,0.5169945262171579,0.5166055707666908
5,30,0.5168999999999999,0.5240172244117922,0.37035948258965834,0.4337882586590543
5,31,0.49189999999999995,0.4919784400610842,0.48221523389583315,0.486916057914996
6,0,0.5146000000000001,0.5160285177716494,0.49106475215378326,0.5029115969932384
6,1,0.5087999999999999,0.507945821140867,0.5569496090806634,0.5311993779976696
6,2,0.5188999999999999,0.518145128890066,0.5403779755615917,0.5289345018960615
6,3,0.509,0.5098983669114411,0.4704305726208924,0.4892707248980498
6,4,0.5075000000000001,0.5083340233155165,0.4660296009158806,0.4861192700452759
6,5,0.5155,0.5166118490097167,0.48520703751768907,0.5003316529487106
6,6,0.5102,0.511120051236263,0.4680542936092035,0.48843648687292
6,7,0.5223,0.5258095494829167,0.4516786423387694,0.48575902830495277
6,8,0.5031,0.5030940891461398,0.4979965238354508,0.5005040773240526
6,9,0.5378,0.536630894666907,0.5539758894215083,0.544807390256185
6,10,0.5206000000000001,0.5190794769066577,0.5615031503023422,0.5394076342568236
6,11,0.5107,0.5126695342308994,0.4254538481278275,0.46465714490695725
6,12,0.5237999999999998,0.5251558793265889,0.4983967064938323,0.5114030587130455
6,13,0.4923,0.4922625323658069,0.4903909288210073,0.4912891843112893
6,14,0.5337,0.535471314704503,0.5090008100467536,0.5218687626241004
6,15,0.5231,0.5217704477977545,0.5586306240680182,0.5394727261515342
6,16,0.5099,0.5634218669954226,0.08772819141126545,0.14414188675554745
6,17,0.5065000000000001,0.506759116355516,0.49885620863241653,0.5026195539220544
6,18,0.5231999999999999,0.5206919954790352,0.5825363213832699,0.5497635038218188
6,19,0.5479,0.5518660063634594,0.5094491256657392,0.5295614958599016
6,20,0.5196999999999999,0.5178164191537771,0.5692765655598233,0.54224923692687
6,21,0.5227,0.52349294403444,0.5078283955560186,0.5154884956240882
6,22,0.5176999999999999,0.5181259752837082,0.5066084469218776,0.5122172102792588
6,23,0.5231,0.5246879889417878,0.4872517118474227,0.5051234751953105
6,24,0.5186,0.5182150740423662,0.531000911777175,0.5242292131482824
6,25,0.5354,0.5375974990738905,0.5059603946763278,0.5208574724969168
6,26,0.5099,0.5123151188225816,0.4253109670439377,0.4642991649704872
6,27,0.5207,0.5206887321270834,0.5274381711306159,0.5239700771024164
6,28,0.5226999999999998,0.5204955746275216,0.5796487779449135,0.5484298008692795
6,29,0.5106999999999999,0.5117438171438067,0.46099140271040023,0.48489977898101533
6,30,0.5412999999999999,0.5434925063668934,0.517261696986148,0.5299464181177095
6,31,0.5429,0.5665073661314828,0.36430896015881103,0.44338029590158373
7,0,0.5207,0.5231255889467723,0.4672527622330248,0.49353676905911026
7,1,0.5568000000000001,0.5590248598854687,0.5395171461222009,0.5488997282610585
7,2,0.5328,0.5353393131915208,0.49666533859133943,0.5152559049306579
7,3,0.5117,0.511154724877742,0.5450708044274876,0.5274237572378684
7,4,0.5174,0.517668413138883,0.5187450978840425,0.5179434686167095
7,5,0.5045999999999999,0.5041642518280092,0.5467842070047125,0.5243782160568158
7,6,0.5715,0.5855653696863401,0.4877938477495255,0.5321535713662862
7,7,0.5488,0.5542604199264799,0.499409086162024,0.5253298002679997
7,8,0.5406,0.5526430525046305,0.4291567768502068,0.4829988553888068
7,9,0.5156,0.5165156216199167,0.48707638045271534,0.5008293138995328
7,10,0.5025999999999999,0.5520597941437141,0.030802687842392096,0.05831902576243042
7,11,0.5296,0.5272402743202922,0.5734980948422432,0.5493211948029113
7,12,0.5054000000000001,0.5058003899516246,0.5148235015689715,0.5093368053095102
7,13,0.5247999999999999,0.5250142703986448,0.5233045766924354,0.5238756016440085
7,14,0.5046999999999999,0.5048206316584376,0.4967441782634058,0.5007308916397807
7,15,0.5329,0.532767947607816,0.5359701148214298,0.5341462842419811
7,16,0.5838,0.5867227179514303,0.5659584392117122,0.5760719323528949
7,17,0.5526,0.5528679061035874,0.5472100114743133,0.5498147262443622
7,18,0.5306,0.5322279504686465,0.5031772104221306,0.5172662488809415
7,19,0.5112,0.5119804205409352,0.4798153354687784,0.49499254747445154
7,20,0.5299,0.5290977779920636,0.5457522865009523,0.5372472155977718
7,21,0.5128,0.5128386710121577,0.5166060455073712,0.514307249647131
7,22,0.5065,0.506315123820672,0.5222033385943694,0.51400410167738
7,23,0.4997,0.5000342549671908,0.48338855192159247,0.49125691849981523
7,24,0.5429999999999999,0.5437033213955298,0.5365152469981324,0.5397965899151955
7,25,0.513,0.5151245699676714,0.4366759346565253,0.4725501439600303
7,26,0.5221,0.5232506416657137,0.5021169682147969,0.5123006104556164
7,27,0.5617,0.5707153453099842,0.4984084590251001,0.5320365344876757
7,28,0.5012000000000001,0.5013882858251092,0.49706898524788246,0.4991262125454593
7,29,0.5287,0.527731601740046,0.5447341700611078,0.5359192836946516
7,30,0.5203,0.5186635507897674,0.5681054261854139,0.5421172006515034
7,31,0.5266,0.5234457570691463,0.5971105845719888,0.5576795247485234
8,0,0.5245,0.5263510863812175,0.4889275504829242,0.5068072448327035
8,1,0.5475,0.548621782717349,0.5363931580966301,0.5424116544332109
8,2,0.5215,0.5226184353590436,0.5008372411239186,0.5114229493007938
8,3,0.5349999999999999,0.534955498932238,0.5393139567814584,0.5367566316252115
8,4,0.5250999999999999,0.5259253224331047,0.5124563780798688,0.5186233056061653
8,5,0.5589000000000001,0.5566141209936599,0.580212664404727,0.5680728827243655
8,6,0.5645,0.5768487281782392,0.48253720505885245,0.5254156137377287
8,7,0.5323,0.5326931607159849,0.5272561108022662,0.5297010670463125
8,8,0.5669000000000001,0.5693460197447229,0.5488114521027617,0.5588596848942783
8,9,0.5464,0.5473379482773105,0.5359967775184312,0.541527149759324
8,10,0.5791999999999999,0.5921243076416254,0.5091873146333696,0.5474673986733298
8,11,0.5771999999999999,0.5746030391862388,0.5935486721463386,0.5838254677770127
8,12,0.543,0.5408749912197417,0.5702267359242738,0.5550635904467807
8,13,0.5763999999999999,0.5918791118097211,0.49039392092955464,0.536166887066136
8,14,0.518,0.5173203571518874,0.5370814704040433,0.5269672460035306
8,15,0.5752,0.5797864544135228,0.5462031178600966,0.562434589975574
8,16,0.5311000000000001,0.5315607402023387,0.5200274441745771,0.5254915007020189
8,17,0.562,0.5630956135107912,0.5535321663792072,0.5581349603679688
8,18,0.5199,0.5196606854252828,0.5220039026010342,0.5205650669330518
8,19,0.5071,0.507811401473089,0.4580943094878095,0.48159971879480956
8,20,0.5654,0.5753433192822692,0.49927324316336985,0.5344967210424946
8,21,0.599,0.5996619302220603,0.5954573177733176,0.5974809110546888
8,22,0.5219,0.5242221629569487,0.4694938902927423,0.4951622846017488
8,23,0.5438,0.5456419076771238,0.523444508258206,0.5341965643837421
8,24,0.5294,0.5327444685116258,0.4735608010686222,0.5013168983859302
8,25,0.5353,0.5304610650231123,0.6168318461646989,0.5702516124609114
8,26,0.5438000000000001,0.5488297252445411,0.4896563977556518,0.5169758235044718
8,27,0.5293,0.5283761172575087,0.54083458783507,0.5342967761040336
8,28,0.5085999999999999,0.5102183069501215,0.44075960972299655,0.472580449611644
8,29,0.5254,0.5325555923596182,0.4145425943457865,0.46588826144661644
8,30,0.5215,0.5231556737995513,0.48076792863593953,0.5008673181923012
8,31,0.5197,0.518373284805806,0.5487966523728417,0.5331019799927301
9,0,0.5496,0.5533543152638425,0.5143092222421765,0.5329926120995729
9,1,0.5422,0.5435556662906886,0.5261046600638857,0.5345472192196927
9,2,0.5132,0.5208195886483791,0.33698682585293144,0.4090615460984992
9,3,0.5372999999999999,0.5430084523330538,0.47231383212241906,0.5049274362934776
9,4,0.5848000000000001,0.5950968499648889,0.5320567329691561,0.5614557838751275
9,5,0.5759,0.5618686617249086,0.6858954089991975,0.6174375173238631
9,6,0.5809,0.5874002265258331,0.5419741219806073,0.5636783252992763
9,7,0.601,0.6266384415389622,0.5002613952368463,0.5561119386043989
9,8,0.6204000000000001,0.6232731032076114,0.6090517523992702,0.6160182880688073
9,9,0.5758,0.5850718734358551,0.5205497045777492,0.5508483330842728
9,10,0.5289999999999999,0.5295146189996738,0.5194620266329756,0.5242453594186433
9,11,0.6114999999999999,0.6195360023306636,0.5786844960048674,0.5982008836214517
9,12,0.5502,0.5529864004965224,0.5222869952288303,0.5371291256505912
9,13,0.6195999999999999,0.6166218653822317,0.6324758429823301,0.6244230025562038
9,14,0.5257,0.5275113923670043,0.49448962716141515,0.510317031745864
9,15,0.5246999999999999,0.5282323150549193,0.4606783336532351,0.4920335504074028
9,16,0.4965,0.4964104292317947,0.48704245216639386,0.4916578380956297
9,17,0.5086999999999999,0.509491033061444,0.5022568032917927,0.5048612724127616
9,18,0.5645,0.5747540074031743,0.4953748803082053,0.5320964144043964
9,19,0.5234,0.5226694841032664,0.5364043395853682,0.5293344073652664
9,20,0.5498,0.5618639703247907,0.44994390232788495,0.499242859044735
9,21,0.5178,0.5190774859005329,0.4846223236715764,0.5008886668791726
9,22,0.5513,0.5498978638733216,0.5647031093498784,0.5571222352230885
9,23,0.5475,0.5493667990348093,0.5325480826726169,0.5407202489081626
9,24,0.5677,0.578464210573631,0.49900324818846686,0.5356993106606945
9,25,0.5609000000000001,0.5649926624184175,0.5297694277158773,0.5466855095391252
9,26,0.5115000000000001,0.5101425997695344,0.5798993882362408,0.5426204407571844
9,27,0.5208999999999999,0.5474263839397326,0.2384141160414063,0.33157997629416835
9,28,0.5813,0.5834552687689898,0.5676720686756285,0.5753820722027145
9,29,0.5317999999999999,0.5392512487132682,0.4385970212341559,0.48371535718514364
9,30,0.522,0.5230201288184706,0.49769439533689985,0.5098259541621527
9,31,0.6058000000000001,0.614579114611711,0.5688639710651732,0.5906319800963454
10,0,0.5932,0.5969191802997922,0.5746555056664949,0.5854986386742015
10,1,0.7682,0.7696840761127022,0.7655656447333624,0.7674921221168164
10,2,0.5689,0.5769324177472808,0.5192950090540823,0.5463907747089507
10,3,0.5570999999999999,0.5746615748812987,0.4427851036925777,0.49990691386683955
10,4,0.5609000000000001,0.5845367964885737,0.4217468584074159,0.48964260247845315
10,5,0.609,0.6129332740764356,0.5905721397121614,0.6014230056182069
10,6,0.5419,0.5436850632865838,0.519807668046932,0.5312623257414403
10,7,0.5130000000000001,0.5125486757803387,0.5322920415419498,0.522187981242433
10,8,0.5519999999999999,0.5528583114653098,0.5430032003725553,0.547793031651763
10,9,0.5408000000000001,0.5416353626527851,0.5321189593222364,0.5364627589560371
10,10,0.7116999999999999,0.738575110812827,0.6554504641164499,0.6944532531994104
10,11,0.5289,0.5310455577780612,0.4977416731123944,0.5137251387466499
10,12,0.5363,0.5378542821031334,0.5208729564771484,0.5291007992733103
10,13,0.5418000000000001,0.5407292287691959,0.5540587511613626,0.5471292863851408
10,14,0.5662,0.558380080637233,0.6333649194732164,0.5934675797111101
10,15,0.5148,0.5152235409250215,0.5030551893061042,0.5089927217341067
10,16,0.5849,0.5914592673171175,0.5490910179832882,0.5694393058622732
10,17,0.5174,0.518202366084982,0.49063724652756247,0.503662741460982
10,18,0.5616000000000001,0.5572017839877813,0.6011000989689412,0.5781943330679347
10,19,0.5142,0.5156977793603863,0.46430919149526895,0.48854379656842273
10,20,0.5864,0.5851097177659168,0.5952959806129638,0.5898495079857012
10,21,0.5407,0.5412219304332049,0.5399403233838266,0.5402536525850457
10,22,0.5585000000000001,0.5581598524324656,0.5622440800869475,0.5601401270376982
10,23,0.5423,0.5460584465783731,0.5018172609545426,0.5229725059455889
10,24,0.5997000000000001,0.6102199401510249,0.5526003697017888,0.5798158734870155
10,25,0.5963,0.6156864545079642,0.5121728892114,0.5590875046867574
10,26,0.5344,0.5341149627598011,0.5370116465172476,0.5352974940068222
10,27,0.6073999999999999,0.6183669892996253,0.5610840602692032,0.5880652033594783
10,28,0.5716999999999999,0.5779029681341875,0.5319991922601709,0.5539446437895716
10,29,0.6071,0.6039378663206997,0.6229603251022364,0.6129927251910481
10,30,0.5753999999999999,0.5897178472898614,0.49517190209175926,0.5382310464745096
10,31,0.5784999999999999,0.5811016079293364,0.5625053818960565,0.571602938243956
11,0,0.585,0.5881578842200557,0.56803697970273,0.5778101641701568
11,1,0.5142,0.5145565885957466,0.5053066800379816,0.5097646772078154
11,2,0.5751,0.5789823178782758,0.5510663546042587,0.5646166402663888
11,3,0.7871,0.7869466953442693,0.787779799410545,0.787216362227489
11,4,0.7259,0.7340256495881224,0.7085550028531356,0.721047839562244
11,5,0.5273,0.5252703172284082,0.568585147150044,0.5459258791325274
11,6,0.7615000000000001,0.7536475507469882,0.7770075844718769,0.7651417464586915
11,7,0.6529999999999999,0.6528074948270035,0.6528482419276161,0.6528126826714714
11,8,0.5511,0.5500146620338416,0.5616688663225294,0.5555134540300466
11,9,0.5529000000000001,0.5595272833765256,0.49778251306255117,0.5267266425630993
11,10,0.5268999999999999,0.5259274016960788,0.5431865374733047,0.5343107780023191
11,11,0.5426,0.5456924360012485,0.509028672181819,0.5266749344454589
11,12,0.5589,0.5572424156995669,0.5738657111671721,0.5650824055861807
11,13,0.5125,0.5150509677918191,0.42198473965442673,0.46380756928806166
11,14,0.5941,0.5871403551629675,0.634358487773466,0.6096583892925386
11,15,0.5351,0.5292647499917189,0.6322582601311495,0.5759462108084588
11,16,0.5553000000000001,0.5518272627078125,0.5868515953571205,0.568598912741592
11,17,0.5639000000000001,0.569966860684996,0.5225710974191047,0.5451285015142103
11,18,0.5012000000000001,0.5010150999361799,0.4995840951134465,0.5000790997016269
11,19,0.6075999999999999,0.6042584752443849,0.6240499178009489,0.6139085194060465
11,20,0.5765,0.6053140058335,0.43982922971189664,0.5093475537656675
11,21,0.6705,0.6764056882959986,0.654437767352193,0.665121864360165
11,22,0.5759,0.5701812057762794,0.6157305397443841,0.5917815631174851
11,23,0.5124000000000001,0.5135683025858182,0.47694065365103394,0.49432469297922654
11,24,0.5536000000000001,0.5618781953985599,0.48858629801641473,0.5223239936728594
11,25,0.6439,0.6485692881218379,0.6280482429299872,0.638042267636899
11,26,0.5512,0.5482247030866771,0.5827810456782367,0.5647860438610189
11,27,0.5938000000000001,0.605402088988046,0.5378085893140415,0.5694744632070425
11,28,0.5751,0.5974489139101585,0.459659239942396,0.5193871106925136
11,29,0.6611,0.6589579070913221,0.6680483893617788,0.6633951669287578
11,30,0.5498000000000001,0.5460237305749807,0.5916522598372179,0.5678160984100227
11,31,0.5761999999999999,0.5852207453612719,0.5217603160834097,0.5513964951819244
12,0,0.6175,0.6301644562350679,0.5690474625518155,0.5976890210936423
12,1,0.6348,0.6343698103455667,0.6366174120568957,0.6354251338268823
12,2,0.5264,0.5264800240185123,0.527137574855882,0.5266407333943659
12,3,0.6863999999999999,0.706649149169249,0.6381986326244893,0.6704447169640758
12,4,0.6551,0.651661969815951,0.6670637859865438,0.6592098415338041
12,5,0.5771999999999999,0.5770078393383862,0.5783938496032627,0.5776454893732659
12,6,0.7632999999999999,0.7309013779139629,0.8335637978308645,0.7788072114160778
12,7,0.7146,0.7253109006614069,0.6908891690028321,0.7076217183917716
12,8,0.6098000000000001,0.6296557519679459,0.5324783235449301,0.57684476249291
12,9,0.6100000000000001,0.6152299440936788,0.5869324389589268,0.6007182723098615
12,10,0.7181,0.7228742193436071,0.7075189369249186,0.7150379553877746
12,11,0.6742000000000001,0.6850196450905851,0.6450965085054907,0.6643183253186291
12,12,0.6334,0.6276867532690906,0.6565378338961524,0.6416945165820702
12,13,0.648,0.6443981942188146,0.6611578201340658,0.6524460568790468
12,14,0.5957,0.6044369010932842,0.552930012440648,0.5773684282527478
12,15,0.5751000000000001,0.5694340189357663,0.6159356314968012,0.5917105050469161
12,16,0.6948,0.6719626589432843,0.7614180652655166,0.7138205253104986
12,17,0.5356,0.537695418360698,0.50751157076636,0.5220471488445761
12,18,0.6663,0.6645572778898245,0.6710701700308693,0.6677210103441742
12,19,0.8247,0.8327113251738172,0.8130486325796961,0.8226910935252224
12,20,0.6369,0.6293138639703686,0.6665929344303088,0.6473473050373573
12,21,0.6325,0.6226794847521392,0.6730581072835554,0.6467651728708943
12,22,0.634,0.6276281138216622,0.6594499954981562,0.6430811850086953
12,23,0.6188,0.6141843354056247,0.6392714456820336,0.626423988934365
12,24,0.6752,0.6826492024945847,0.6553458194358784,0.6685526142060865
12,25,0.7492,0.7653548007643597,0.7192202934938164,0.7414588330345354
12,26,0.5471,0.5409367992444368,0.6188113487042802,0.5770477254956251
12,27,0.6466999999999999,0.6490097873053198,0.6387182117416474,0.6437363606390643
12,28,0.6784000000000001,0.6613035933719484,0.7315973950579855,0.6945931131850255
12,29,0.6507,0.6440864318734507,0.6744641423118329,0.6587306182357122
12,30,0.7296,0.7180847686513006,0.756207501461458,0.736444011300927
12,31,0.583,0.6248665621552422,0.41662084617583905,0.4998001122374804
13,0,0.6633000000000001,0.6643020055565501,0.6604138191698847,0.6623286782112847
13,1,0.6388,0.6566294712843901,0.5821486906042403,0.6170829530072628
13,2,0.5753999999999999,0.5789906399663478,0.5540513301309218,0.5659530861830153
13,3,0.5517,0.5549470013603883,0.5221481599685519,0.5379554560753255
13,4,0.6034,0.6124759116471903,0.5629391571837117,0.5864603268158675
13,5,0.8408,0.8182416338722746,0.8764406741682332,0.8462811860921897
13,6,0.6142,0.6209110970442707,0.5864244617577009,0.603017873933598
13,7,0.5981,0.5967653052837569,0.6064563543909054,0.60138230473109
13,8,0.6399,0.6588045918006303,0.5808748716310168,0.6172803184189032
13,9,0.6257999999999999,0.6309132822316451,0.606628563944701,0.6184749246383747
13,10,0.7077,0.7006591109666658,0.725835334578019,0.712923940839439
13,11,0.5102,0.5116189320127024,0.44021535871295897,0.47231142495234213
13,12,0.6060000000000001,0.6065667980193163,0.6041441304617298,0.6052417632045568
13,13,0.7396,0.7540213072630814,0.711552520140647,0.7320159605620219
13,14,0.7247,0.7345400624528019,0.7040214179937944,0.7188360862791141
13,15,0.5868,0.6023113942341534,0.5111026219213771,0.552839126277197
13,16,0.6227,0.632663538646101,0.5862280455149133,0.6083895085200509
13,17,0.6615,0.6824067623216372,0.6050027057441743,0.6412702771985943
13,18,0.663,0.6553598241455811,0.6878391765691823,0.6711639996308578
13,19,0.6142,0.6255719997734064,0.5688052853386776,0.5958045931983594
13,20,0.7453,0.7281067445558421,0.7830251022212396,0.754535479130339
13,21,0.5774,0.5802393874202343,0.5602459547869312,0.5698372392263482
13,22,0.5852,0.579056298375882,0.62600319270882,0.6012850335219471
13,23,0.6328999999999999,0.6515073225955776,0.5721740063103339,0.6091768884955803
13,24,0.7969,0.8157567202901344,0.767242651568605,0.7906206851939146
13,25,0.6214999999999999,0.6275525626255238,0.5976996784806468,0.6120782963642986
13,26,0.6014999999999999,0.6085418400365498,0.5692415240796093,0.588161416977227
13,27,0.6543,0.6591902219374998,0.6386537577624827,0.6486669339062412
13,28,0.6228,0.6224552601988629,0.6240419274979907,0.6232236673315907
13,29,0.6599999999999999,0.6706893113032033,0.629644418765627,0.6493200239642979
13,30,0.5626,0.5623347807019945,0.5656334791805844,0.5635814055533424
13,31,0.6918,0.6984210321710942,0.6753549059155206,0.6865560287246011
14,0,0.8156000000000001,0.8072146299205386,0.8296121965639284,0.8181099992172836
14,1,0.6122,0.6157456548943727,0.5978398621015417,0.6065976231925344
14,2,0.5443,0.5434705109255323,0.5550635527662384,0.5488414371917464
14,3,0.6492000000000001,0.669115484567428,0.5903694949881151,0.6271869574599851
14,4,0.7391,0.7550119704326419,0.7079625980081696,0.7306405901965406
14,5,0.7209,0.7291984906387545,0.7027366281087649,0.7156208008920719
14,6,0.5817,0.586356376791708,0.5554742354133977,0.5703001379577974
14,7,0.6117,0.6396526086190881,0.5111167579113219,0.5681766079660389
14,8,0.6569,0.6524178952531269,0.6715966440701975,0.6617869202779254
14,9,0.5544,0.5564787346518992,0.5331297003421788,0.5444099738647515
14,10,0.6295,0.6382299073453583,0.5987135784465709,0.6175632026465989
14,11,0.6525,0.6573214778898685,0.6371942661616111,0.6470014573257032
14,12,0.6292,0.6183744849270324,0.6755693488416702,0.6456309289437864
14,13,0.6278,0.643997856455941,0.5716352206067457,0.6055303087371896
14,14,0.6892999999999999,0.6817685313188806,0.7099767536487397,0.6955408474124667
14,15,0.7172999999999999,0.7325820649484596,0.6845961334312689,0.7077210871767985
14,16,0.6797000000000001,0.6963715334486087,0.6376524131806598,0.6656440932486307
14,17,0.5882,0.5912203073609271,0.5713669540642883,0.5808262519212837
14,18,0.6712,0.6900750990003857,0.6223381197094482,0.6541795204835616
14,19,0.5899,0.6043049842908786,0.5221848589010417,0.560066183185483
14,20,0.6486999999999999,0.6602365978535348,0.6133713092954567,0.6358624696129972
14,21,0.5377,0.5398338079117501,0.5092414218656648,0.5238898722852869
14,22,0.6159,0.6176534530533193,0.6076978588422477,0.6125073383561828
14,23,0.7969,0.8148375135482772,0.7685947685871684,0.7908911077915175
14,24,0.6635,0.69051304202582,0.5932554740940408,0.6380647728703991
14,25,0.6849,0.6743759048592091,0.7149830442369225,0.6939602879552231
14,26,0.6166,0.6127539848291387,0.6348919979608734,0.6234665796442787
14,27,0.7173,0.6948516161043838,0.7753445982405243,0.7327212391771969
14,28,0.6468999999999999,0.6473546510220057,0.6456225486901517,0.646463646222955
14,29,0.5277,0.5301101254555324,0.4867333628248966,0.5070875506571754
14,30,0.7038,0.7274905958678767,0.6520950053138816,0.6876143948420702
14,31,0.6688,0.6731984295174106,0.6565826824708986,0.6645646673691579
15,0,0.6049,0.6051812697640161,0.6020439905678392,0.6033695631917633
15,1,0.7826,0.7880406979986495,0.7734548578984171,0.7806029724859378
15,2,0.6882999999999999,0.6821416693116906,0.7052331563178219,0.6934192351633559
15,3,0.6058,0.6191345233622334,0.5493905113008208,0.5820508120987935
15,4,0.6866,0.6989693840030347,0.6561068777329486,0.6766140525687712
15,5,0.7873,0.7932247306706939,0.7772781292430282,0.7851394526412335
15,6,0.6811999999999999,0.6870558907291515,0.665853097950673,0.6762533099680575
15,7,0.647,0.6600619811918637,0.6063768976241831,0.631988901977248
15,8,0.5940000000000001,0.5999467754843246,0.5643362746130485,0.5812610811498806
15,9,0.7763000000000001,0.7809554711858574,0.7682771174570258,0.7745041143558341
15,10,0.6904999999999999,0.7052461921680167,0.6546696490169565,0.6789245364324845
15,11,0.5474,0.587915754715669,0.3186591450383805,0.4129863179260645
15,12,0.5885,0.5798625360759057,0.6448366855476714,0.6102463209644748
15,13,0.6362,0.6278824944520489,0.6700755317484344,0.6479067362637283
15,14,0.5981000000000001,0.6129798531273262,0.532266617499875,0.569686978317045
15,15,0.5667000000000001,0.5760452422042112,0.5051694057979864,0.5381370661383266
15,16,0.6531,0.6696807128642085,0.6042080177534687,0.6351531473827777
15,17,0.7057,0.7157129628540264,0.6824310433482021,0.6986417694740896
15,18,0.7436,0.7274092547976299,0.7799323168602446,0.7525343178538272
15,19,0.5799,0.5845961048163727,0.5516522473221858,0.5673929992545882
15,20,0.6901999999999999,0.691021530383199,0.688156726826875,0.6895381231914942
15,21,0.8095000000000001,0.8169109296386601,0.7980506126309597,0.8072840503413767
15,22,0.5936999999999999,0.5906558977075502,0.611686411326195,0.6005762489607968
15,23,0.603,0.6118137330814079,0.5646016510101377,0.5870670455053497
15,24,0.6803,0.6980011449392205,0.6361991843946433,0.6655263783266222
15,25,0.7131000000000001,0.7136829974212189,0.7110710261161652,0.7120685246808087
15,26,0.8176,0.7856133425343691,0.8738497119424589,0.8273298211783141
15,27,0.6515000000000001,0.6496715065430821,0.6575426040888566,0.6533016575267532
15,28,0.7372,0.7302224374610178,0.7528890568736828,0.7412175523949277
15,29,0.7243,0.7338383169494944,0.704141367879282,0.7185616439203963
15,30,0.6998,0.7015602808121161,0.6954999119529608,0.6984572087946617
15,31,0.6056,0.6363719364669874,0.4944828564301802,0.5563478876344277
16,0,0.6533,0.7140371059849657,0.511404649676233,0.595891871243756
16,1,0.6957000000000001,0.6732256290874762,0.761057534990448,0.7143746342540673
16,2,0.569,0.5786633461510309,0.5077375951733623,0.5407077469213878
16,3,0.7243999999999999,0.7211291623637442,0.7317877486871993,0.7263920579605845
16,4,0.5490999999999999,0.5484424249906494,0.5561974567375327,0.5521170058934901
16,5,0.6124,0.61857212028153,0.5880195431585035,0.6025422544155709
16,6,0.6369,0.6546757551321176,0.5798554940923868,0.6149561463559869
16,7,0.6613,0.6596886867467189,0.6674749078399754,0.6633678515099536
16,8,0.7473,0.7471802045137228,0.7476416244002063,0.7472832010720029
16,9,0.6716,0.679287426009109,0.6503510500110681,0.664425424281796
16,10,0.7355,0.7269872545052716,0.754536437638812,0.7404165425276448
16,11,0.7175,0.7297926677126282,0.6915139011448963,0.7098838176129163
16,12,0.7474999999999999,0.7586387256117408,0.72609807455067,0.7418782978785082
16,13,0.6923999999999999,0.6881892079297375,0.7034860878881907,0.695673074068321
16,14,0.8022,0.7977858854047316,0.8098428424000336,0.8036884349255985
16,15,0.6786000000000001,0.6922893556464929,0.6435312746242708,0.6668252875003463
16,16,0.5998,0.5951501296607512,0.6247530583164332,0.6092369434729
16,17,0.6792,0.70504922858795,0.6162458571004829,0.6576320380895142
16,18,0.7254000000000002,0.6980362352184782,0.7959038720202182,0.7434793064630629
16,19,0.554,0.5586655133805725,0.5130749670394184,0.5346986160850677
16,20,0.7323000000000001,0.7269838305516145,0.7442030631388517,0.7354375911891181
16,21,0.8189,0.8188400131989735,0.8192315227325236,0.818976411372223
16,22,0.8095000000000001,0.816878546637166,0.7978181290877926,0.8071361784125383
16,23,0.69,0.7109579262170527,0.6405113260202621,0.6737841386201526
16,24,0.6184000000000001,0.6325169066617806,0.5653789160453959,0.5969406796427232
16,25,0.5754,0.5667586255188194,0.6408295815657639,0.6014314046537346
16,26,0.6902999999999999,0.703798534543158,0.6572307828306237,0.6796472170947326
16,27,0.5487,0.5563006563217088,0.4785925703254182,0.5142304513703617
16,28,0.6092,0.621692383951457,0.5582629260109611,0.5881958096757006
16,29,0.6401,0.6119413384555432,0.7664530803494468,0.6804038811072449
16,30,0.5764000000000001,0.6203119496100244,0.3945258826235135,0.48202726547981456
16,31,0.7653,0.7845447274156898,0.7320640523340525,0.7571740104853288
17,0,0.6742,0.679480854231441,0.6600848820406643,0.6695067787201353
17,1,0.6342999999999999,0.6365202335383712,0.6275029786213538,0.6317022109207233
17,2,0.619,0.6403488594078709,0.5433368103682243,0.5875644997494076
17,3,0.8103999999999999,0.8053199097343912,0.8190784383196343,0.812022119317467
17,4,0.6695,0.6953700974342086,0.6038090780640089,0.6462608789081729
17,5,0.7992000000000001,0.8359087843690501,0.745061558722284,0.7877097295137492
17,6,0.6412000000000001,0.6420833758594974,0.6394689406258347,0.6406303000534538
17,7,0.7628,0.7812265111575902,0.7300575300998017,0.7547483198100633
17,8,0.8176,0.8262413568600507,0.8044255350610803,0.815161316793923
17,9,0.553,0.5659176069851816,0.45690399273374716,0.50513027787314
17,10,0.6259,0.6207874846476255,0.6474935910000108,0.6337417132969012
17,11,0.6178000000000001,0.6568492655615381,0.4944498299194377,0.563720418080764
17,12,0.6535,0.6651851004864191,0.6183591432543791,0.6408001059059962
17,13,0.5997,0.6408469538712002,0.45420095786380604,0.5312437063530029
17,14,0.8073,0.8180199439607779,0.7908462596499419,0.8041139106685581
17,15,0.6679,0.6704014482436825,0.6612589948655946,0.6656450688983704
17,16,0.5525,0.5975540481624296,0.3205950979999451,0.41724683681724606
17,17,0.8059999999999998,0.8044488731350917,0.8088673343739842,0.8065561222366064
17,18,0.6857,0.7004450711816762,0.6494597037581663,0.6738400685059676
17,19,0.7495,0.7636126646868759,0.723039256619653,0.7426653450968075
17,20,0.6953,0.712514995975905,0.6550696654529773,0.6825521583214786
17,21,0.6749,0.6741341943112176,0.6778332610306849,0.6756539757384662
17,22,0.6135,0.6497734324016637,0.49243979252027914,0.5601295933615444
17,23,0.6920999999999999,0.7054171144927632,0.6597324565231619,0.68176089131579
17,24,0.7474000000000001,0.7441726275820765,0.75438661659142,0.7490241038289288
17,25,0.601,0.6075820050054499,0.5720388253028007,0.5890766890242984
17,26,0.6308,0.6440573948776881,0.5848041497312553,0.6129889649544552
17,27,0.5414000000000001,0.5472128052826276,0.48208353230670403,0.5123068658500868
17,28,0.7267,0.7376075162124418,0.7042600796649826,0.7204142038201865
17,29,0.6476999999999999,0.6590732380899544,0.6122490117764606,0.6347472883425007
17,30,0.553,0.5535893957619415,0.5478293278144193,0.5504694191123709
17,31,0.6672,0.6844329105155256,0.6211656538671406,0.6510657102863364
18,0,0.7245000000000001,0.7490885402356032,0.6753879689608685,0.710280166358133
18,1,0.571,0.5602677691335751,0.6599305250855871,0.605816200462783
18,2,0.6763999999999999,0.6628241947720356,0.7181960155493781,0.6892710511848023
18,3,0.6020999999999999,0.6089825232170611,0.570786790985966,0.5890750757783219
18,4,0.6950000000000001,0.6996179325291854,0.6839191192079139,0.6915009219260823
18,5,0.7116999999999999,0.7372210115827942,0.6581401617874341,0.6952968348435015
18,6,0.6938,0.7217353697061457,0.6308728897750863,0.6731924445063859
18,7,0.6423,0.6635529923835228,0.5773972601156945,0.6173729429242613
18,8,0.5519999999999999,0.5579414114820469,0.49895074662427036,0.5266140911706898
18,9,0.6871,0.6852491761020584,0.6928978651911766,0.6888560671304931
18,10,0.5378999999999999,0.5374412024741171,0.5422282661692323,0.5396742118538628
18,11,0.5423,0.5451690238136025,0.5111232411435568,0.5274996301482864
18,12,0.6479999999999999,0.6470660663022905,0.652270133501401,0.6494245459467423
18,13,0.7783999999999999,0.7795316877467313,0.7766139781773498,0.7780161181324041
18,14,0.7348,0.758652692898158,0.6891122554672517,0.7221049546845315
18,15,0.6008,0.5955407681796511,0.6298153516429317,0.6120371689594849
18,16,0.5599000000000001,0.5546138343073495,0.6083604784945763,0.5801835211795827
18,17,0.5432,0.5465624819665239,0.5092316670725187,0.5270647027081278
18,18,0.55,0.5628296370522872,0.4524825923951302,0.5013065487066732
18,19,0.6717000000000001,0.6633601757007294,0.6974683620072788,0.6798751826293451
18,20,0.6688,0.6695103437909569,0.666763081787545,0.6679809175318757
18,21,0.7739,0.7672230148618235,0.7868598288261291,0.7768029600691608
18,22,0.752,0.7596318088760954,0.7377650159763652,0.7483881024903049
18,23,0.6681,0.6709067300609374,0.6599631410217581,0.6652196173983661
18,24,0.5752,0.5725838394402111,0.5931530524604854,0.582586043220993
18,25,0.6568,0.6745818381399028,0.6066702994650873,0.6386661842666415
18,26,0.8286,0.8188794343624289,0.8440615856428881,0.8312072588775956
18,27,0.7108999999999999,0.7072189324383195,0.7202237327210086,0.7135546228853116
18,28,0.7689999999999999,0.7269581584441415,0.8618233187813834,0.7885744772654626
18,29,0.6073999999999999,0.6227613980471207,0.5449568526434938,0.5810634549597513
18,30,0.5754999999999999,0.5888235770130785,0.500897812135294,0.5409427292739751
18,31,0.5650999999999999,0.5576800623356765,0.6285046868419625,0.5909420798950317
19,0,0.7047,0.7191863781249156,0.6717660193591746,0.6945785598447806
19,1,0.7468,0.7554762797175096,0.7301610448730885,0.7424546264148886
19,2,0.6277999999999999,0.6359436591377715,0.5982159545950155,0.6164607740855395
19,3,0.5544,0.5566655025641033,0.5368954832364878,0.5463824499077582
19,4,0.6138,0.6201473730204732,0.5885310409254987,0.6035096952804653
19,5,0.6445000000000001,0.6522736341577002,0.618865716531657,0.6349870689078381
19,6,0.5948,0.6122424643423433,0.5174536158267182,0.5605959542458326
19,7,0.585,0.611525350795905,0.46765077374757646,0.5297965527943034
19,8,0.5924000000000001,0.6125954315482078,0.501922110674181,0.5516082852125337
19,9,0.5585,0.5747727211057748,0.4518433257050716,0.5056485569746423
19,10,0.599,0.6130758193534266,0.5379880541069134,0.5729138428575647
19,11,0.6096000000000001,0.61017221347032,0.6075847406898427,0.6086632072130788
19,12,0.6677000000000001,0.6665293271376378,0.6711883757367044,0.6688382061875409
19,13,0.7279,0.7275555219807719,0.7287966177304941,0.7280898486564731
19,14,0.5587,0.568842436583005,0.48545850674165536,0.5237378033518064
19,15,0.6257999999999999,0.6343593687716531,0.5942332819893529,0.6135522157943896
19,16,0.7904000000000001,0.7923084080230639,0.7872337706922931,0.7897330671521884
19,17,0.6385,0.6536722620599396,0.5889971385072282,0.6195991165776501
19,18,0.6086,0.5991168785448295,0.6553251632796859,0.6258064458025722
19,19,0.5846,0.594386500556056,0.5336523468902481,0.5621882598832466
19,20,0.6712,0.6681679140215265,0.6816677739270222,0.6745950902829793
19,21,0.6747,0.6797475168306033,0.6617965604814583,0.6704975347859308
19,22,0.7071,0.6901766152054019,0.7517405589060215,0.7195685593199981
19,23,0.6464999999999999,0.6415602455416398,0.6640154075479772,0.6525153436043714
19,24,0.7235,0.7298325150869591,0.7103152875766432,0.7197635549070405
19,25,0.5946,0.5808512196344958,0.6811537907279659,0.6267950674236585
19,26,0.5765999999999999,0.5862731821852523,0.521072734014952,0.5516640086794429
19,27,0.7528,0.771387209540473,0.7185988681220075,0.744019814227561
19,28,0.6681999999999999,0.6820414438914755,0.6311256875822557,0.6551650777642163
19,29,0.7625,0.7587186866316251,0.770129294937548,0.7642509966789033
19,30,0.6943,0.7275774483184517,0.6214276753445233,0.6702383921592654
19,31,0.6226,0.6320432388162398,0.5876090013840105,0.6088534339173157
20,0,0.7087,0.7365683988340753,0.650264881511163,0.6905800001297209
20,1,0.5264000000000001,0.5268796084707655,0.5187898227109609,0.5224020813126518
20,2,0.6880000000000001,0.7031267623967012,0.6511450031496954,0.6759761021807427
20,3,0.5927,0.6030305190513822,0.5422694978566287,0.5709601185794385
20,4,0.6548999999999999,0.6659422372213324,0.6222346570860402,0.643212073877025
20,5,0.5484000000000001,0.5426542378032856,0.6156996417274959,0.5764690538869697
20,6,0.7071999999999999,0.7244922743082857,0.6687155094320499,0.6953470201291363
20,7,0.6477999999999999,0.6616678024402167,0.6054846580749047,0.63199886382039
20,8,0.5445,0.5469660189222356,0.5224726452645261,0.5339182454086518
20,9,0.7377999999999999,0.7408383410925407,0.7322301356943758,0.7363592063736926
20,10,0.6536,0.6647835405510047,0.6205718089977961,0.6417859331644071
20,11,0.5935,0.6057097544098948,0.5364572307596864,0.5688686451962944
20,12,0.5395,0.5399328552503049,0.5365691098762603,0.5379438138354307
20,13,0.6872,0.6877684344635785,0.6858378209601392,0.6867643253623041
20,14,0.6104,0.619136357518039,0.5739800623133406,0.5955053427658495
20,15,0.5383000000000001,0.5388777071657305,0.530179100460386,0.5342953297803649
20,16,0.6607000000000001,0.6491219649480634,0.6996071677085436,0.673404646726822
20,17,0.5532,0.5512408934844161,0.5752125400987138,0.5627576236233897
20,18,0.6416000000000001,0.6506245161600286,0.6118932018497834,0.6305664117544595
20,19,0.6460999999999999,0.6543533650158705,0.6198941856500505,0.6365075765045916
20,20,0.5439999999999999,0.5374280161946866,0.6234297490220635,0.5767374977746474
20,21,0.6979,0.6954946350985655,0.7045849943760382,0.699783779506568
20,22,0.6569999999999999,0.6746944484373646,0.6064263496947161,0.6386938798838391
20,23,0.6063000000000001,0.6119265210952982,0.5814957702337747,0.5959285502098077
20,24,0.689,0.7038137979876358,0.6532332553646623,0.6773409682077237
20,25,0.6529,0.6571240252017805,0.6405064547738442,0.648497773779934
20,26,0.6521,0.6302369807108955,0.7355655068189615,0.6788138039151841
20,27,0.5389999999999999,0.5439123091291804,0.4853699233936298,0.5122600293561707
20,28,0.6252,0.6379224371213418,0.5788725390434022,0.6067288843689046
20,29,0.5156000000000001,0.518924939713464,0.42741541225551527,0.4686580430213289
20,30,0.6085,0.6347192836906902,0.5118332978138983,0.5665836550593266
20,31,0.6917000000000001,0.6941198873117286,0.6859676208610133,0.6898084523638723
21,0,0.623,0.6340642722972637,0.582050574936765,0.606776395273959
21,1,0.5254,0.5302445386404904,0.4521407884504066,0.4877369119287051
21,2,0.7132999999999999,0.6974004214174435,0.7540997697189246,0.7245087021708642
21,3,0.6456999999999999,0.6603144546513524,0.6006565832286066,0.6287845276822384
21,4,0.5297000000000001,0.5323391566187307,0.4902506509186885,0.5103489798288003
21,5,0.5484,0.5419697941787701,0.6275202351124956,0.5813971551674986
21,6,0.6721999999999999,0.6877742449280285,0.6310803850172266,0.6581164511288821
21,7,0.7259,0.7391132268518401,0.6981431574967918,0.7178161847224428
21,8,0.674,0.6829176072822085,0.6500065611506891,0.6658894533463533
21,9,0.5534000000000001,0.5438492093132009,0.6625167539677014,0.5972261632042561
21,10,0.6020000000000001,0.6000374830167003,0.612210173626271,0.6058086343600992
21,11,0.5986,0.6130454854017348,0.5346965832262269,0.5710266876311371
21,12,0.6926,0.7011565385818586,0.6720351629942758,0.6861359982262767
21,13,0.5472,0.549139477016917,0.5256757684905038,0.536827618208197
21,14,0.7258,0.7351157011083798,0.7063006266226679,0.7203368050137253
21,15,0.5753,0.5806376646424287,0.5431537066551895,0.5610005400111893
21,16,0.5546,0.5592402436032934,0.5160477603520178,0.5366538509683816
21,17,0.6853,0.6965451020709537,0.6565992264477941,0.675904197750284
21,18,0.6393,0.663456627701513,0.565237921659766,0.6103004265698683
21,19,0.5723999999999999,0.5734180149745369,0.566907244489244,0.5700278492668108
21,20,0.7031000000000001,0.7099019038823821,0.6869457066434397,0.6980081380219333
21,21,0.5846,0.587729225814173,0.566780137089822,0.5768919346651875
21,22,0.6163000000000001,0.6110731255004305,0.6408796196175948,0.6254134982894645
21,23,0.5646,0.5612676921765799,0.593706541094343,0.5768695138685271
21,24,0.6487,0.6571660801730318,0.6222251965911593,0.6390856235099314
21,25,0.7144999999999999,0.7162253519432644,0.7106464775183611,0.7133118946237036
21,26,0.5343,0.5423353957038431,0.44655724101224814,0.48919524690379645
21,27,0.538,0.5362960036568011,0.5655233006431252,0.5501929701012542
21,28,0.5717,0.565493531525774,0.6202882658449415,0.5915712892874254
21,29,0.5151,0.5135118831299309,0.5760156711478511,0.5428641364476049
21,30,0.5332,0.532118383072822,0.5536577796441001,0.542369336123358
21,31,0.5676,0.5613035886262121,0.6220175784429347,0.5897560976115298
22,0,0.6399000000000001,0.638817418893044,0.6440388651249866,0.6411048302266302
22,1,0.6890000000000001,0.7021481557803463,0.6568852810576882,0.6786206979287438
22,2,0.704,0.7009836680006118,0.7118884370319867,0.7062690711410985
22,3,0.5357999999999999,0.5659159825727592,0.30838356292001734,0.3990610980980118
22,4,0.6895,0.6859374884588442,0.699258711479759,0.6921936214709344
22,5,0.7662,0.7651222476035386,0.7684248819682727,0.7667167129974362
22,6,0.7395,0.737623586418094,0.7436873284468329,0.7405189696251258
22,7,0.5237,0.5218149717436991,0.5618134252988952,0.5408231950780313
22,8,0.5479,0.5568498091627413,0.4708959970022682,0.5101110072250259
22,9,0.5734,0.5796084808938835,0.5388302338126715,0.5582110975317826
22,10,0.579,0.5694304612802387,0.6474177184935938,0.605607799456177
22,11,0.6416,0.6447087745327809,0.6314447546117734,0.6377806215795794
22,12,0.7984,0.7983422920176433,0.7986638709154023,0.7984499003953104
22,13,0.6305999999999999,0.6173439302612038,0.687075302873559,0.6501065434243698
22,14,0.659,0.6853241149048077,0.5880608325018943,0.6328439379606725
22,15,0.6515000000000001,0.6871404047159986,0.5563417964114334,0.6146343210105691
22,16,0.5667,0.5646332196644771,0.5823867801288009,0.5729416054276765
22,17,0.5645,0.5638487654745915,0.5695401269485971,0.5664146429928574
22,18,0.7394000000000001,0.7478225470204569,0.7226685178531922,0.7349505596377247
22,19,0.5113,0.5123133063619563,0.49601324447212775,0.5036462344875199
22,20,0.5833,0.5669720030701814,0.7080107843886875,0.6295162048345393
22,21,0.5984,0.6061960193730588,0.5631154382619631,0.5834550540622662
22,22,0.5147999999999999,0.5147744029056394,0.5286056699028965,0.5211205291690981
22,23,0.5347999999999999,0.5351937561117548,0.5297604299626058,0.5320188997158
22,24,0.518,0.5163894281014635,0.5721292977829704,0.5424905243278138
22,25,0.7264999999999999,0.7239234415467426,0.7322662869494367,0.7280085051851684
22,26,0.7338000000000001,0.7481824509769581,0.7061025111443934,0.7261618991382417
22,27,0.5347999999999999,0.542402414606653,0.44960813221438656,0.4914516022400101
22,28,0.7019,0.7190771287160255,0.6631699279197506,0.6898409831901064
22,29,0.5946,0.5841760538409755,0.6589525398957349,0.6188522310061899
22,30,0.6115999999999999,0.6184494660946053,0.5835086011322004,0.600205382229281
22,31,0.5793999999999999,0.5821129933581156,0.564281456485399,0.572899263353195
23,0,0.5617,0.5665088238245322,0.5246800254974019,0.5445739889878782
23,1,0.5563,0.5646625403880582,0.49299670844382,0.526229026424218
23,2,0.6637000000000001,0.6673822816307841,0.6531450340486916,0.6600875867242116
23,3,0.7148,0.7240460053591399,0.6947407994465535,0.7088853561342562
23,4,0.7230000000000001,0.7400408551601536,0.6877736301248353,0.7128614079407398
23,5,0.6839000000000001,0.7048525114009231,0.6331740069682944,0.6668639600838608
23,6,0.788,0.7774439651253836,0.8072796519362827,0.7920322649595904
23,7,0.575,0.5819533198611639,0.5335584913727158,0.5564245203682537
23,8,0.5277000000000001,0.5309650826609541,0.48012040915927817,0.5039302170358858
23,9,0.6611,0.6717362955121985,0.6301972300041447,0.6502237277591527
23,10,0.7368,0.7458223386012403,0.7187753315193679,0.731853712922308
23,11,0.5886000000000001,0.5734450368372265,0.6920808622616712,0.6271588749361451
23,12,0.6679,0.6656948652425771,0.6749239623666817,0.6701432882133952
23,13,0.6649,0.659217843417211,0.6841051844286128,0.6711919119861964
23,14,0.6965,0.71093517526043,0.6634844547702767,0.686117253266274
23,15,0.6545,0.6769056325822534,0.5912829260471171,0.6311009110082305
23,16,0.6017,0.6108981961923047,0.5597275297032827,0.5840403766838171
23,17,0.6987,0.6715921067763155,0.7776688067336421,0.7206681053106989
23,18,0.7474999999999999,0.7617985689621083,0.7202642584608626,0.7404273431575031
23,19,0.6431,0.6538006198120672,0.6087269854451509,0.6301947213913198
23,20,0.502,0.5025060398694924,0.49801523165064177,0.49978840726129137
23,21,0.5786,0.5709518679964946,0.632859599352295,0.6002280192271308
23,22,0.7462,0.7371925530945573,0.7654113258695295,0.750965948229927
23,23,0.5624,0.5707486068495999,0.5036454888516075,0.5348915807045836
23,24,0.7105,0.7151432602708117,0.7000539622076412,0.7074429351949694
23,25,0.6758000000000001,0.6601110932200873,0.7257411963664764,0.6911821419774732
23,26,0.6149000000000001,0.6340630980237065,0.5439990630555024,0.5855000755323422
23,27,0.6329,0.64520001084457,0.591233162668118,0.6169618648013717
23,28,0.6582999999999999,0.6613906282433547,0.6488303961067869,0.6548717503332557
23,29,0.743,0.742108035073248,0.7451124534226963,0.7435245451409505
23,30,0.5375000000000001,0.5372773840282761,0.5420545725422784,0.5390084627610761
23,31,0.5125,0.5108889543859599,0.5976871144242685,0.5506411829051407
24,0,0.6496999999999999,0.6589981491899791,0.6205517517540113,0.6390322921785779
24,1,0.5917000000000001,0.594924478228232,0.5747216170584107,0.5843513088128509
24,2,0.5861,0.592940492723688,0.549529076518273,0.5702271835789244
24,3,0.515,0.515638791041723,0.4820428393022816,0.4980023924476892
24,4,0.5204,0.5208060795724944,0.5187668902703222,0.5194748933345008
24,5,0.5843,0.5878006911651638,0.564444561298924,0.5758315158994864
24,6,0.6814,0.6719088222024235,0.7096656080322441,0.6901601055520841
24,7,0.7441,0.7538214758106422,0.725222319373796,0.7391233043426559
24,8,0.5909000000000001,0.5867761007908918,0.6148748611740114,0.6003701978069399
24,9,0.5618000000000001,0.562802941906927,0.553752392012069,0.5580554824499225
24,10,0.5988,0.5952837025692668,0.6178256259619008,0.6060622033213515
24,11,0.5135,0.5118993552146911,0.5870039616959193,0.546806539175725
24,12,0.7101999999999999,0.7063115964404696,0.7199131949068203,0.7129439482758342
24,13,0.8196000000000001,0.8111844160389321,0.8334320082153901,0.8220975517635452
24,14,0.5725,0.5697945949949409,0.5936373033986923,0.5813745612015284
24,15,0.5212,0.5222118971972153,0.5035456468340586,0.5124220660952857
24,16,0.5218,0.5188913741676974,0.6000951718603424,0.5564499048491511
24,17,0.5067999999999999,0.5065814349404445,0.5374869749869783,0.5212648528490705
24,18,0.6543000000000001,0.6678853316142848,0.614853471133198,0.6400616411363345
24,19,0.6012,0.5957290860810321,0.6313030669735852,0.6128321705741311
24,20,0.6422,0.6470306429953112,0.6265321260417145,0.636339285378152
24,21,0.6783,0.6811021989965571,0.6714811321609201,0.676074928529453
24,22,0.7017,0.7283013871119592,0.6434796738980394,0.6831862472396519
24,23,0.7594,0.7581794346761442,0.7623323731023735,0.7600256238020072
24,24,0.5471,0.5421382769919209,0.6067830529075654,0.5725913260118164
24,25,0.6819000000000001,0.7193477221662706,0.5976639183367983,0.6524368392368234
24,26,0.6002,0.6128747452504903,0.5436967103548102,0.5760676991414531
24,27,0.6803000000000001,0.6742795486099762,0.6975598767646314,0.6855758694969359
24,28,0.5856,0.6002578607151763,0.512268456785453,0.5526340125134787
24,29,0.6032,0.61274242151994,0.5628144209058227,0.5865361718161595
24,30,0.6144000000000001,0.6317016023098843,0.5479532400961785,0.586818701131549
24,31,0.6799000000000001,0.6927724661101791,0.6470293542030723,0.6689768192331469
25,0,0.5496000000000001,0.545317533735551,0.5960536490069046,0.5694569448181406
25,1,0.5795999999999999,0.5857854860963886,0.5451208715545632,0.564345053435252
25,2,0.6275000000000001,0.6422320233146042,0.5760715208806104,0.6070635938435545
25,3,0.5734999999999999,0.5789125606239611,0.5389771936407758,0.5581912209425715
25,4,0.5786,0.5895787617296825,0.5181319584301077,0.5513750111654983
25,5,0.6609,0.6744795958305261,0.6221223021499257,0.6470412723451694
25,6,0.6931,0.6985247211060187,0.6796431392154362,0.6889310996800597
25,7,0.643,0.6321187290038905,0.6839767491773189,0.6569802532025741
25,8,0.5719,0.5648824985332468,0.6275239529944822,0.5943846437821838
25,9,0.7424,0.7234502029388756,0.7847804541707484,0.7528370351900489
25,10,0.5991,0.6042750368866627,0.5751771766309198,0.5888645669279594
25,11,0.6163000000000001,0.6264569540950582,0.5764348973689476,0.6002564382414063
25,12,0.6416,0.6288631551317767,0.6909579306843837,0.6584016420243539
25,13,0.6344,0.6424618530721709,0.606022676821714,0.6236615554536235
25,14,0.6127,0.6225737625462479,0.574151535582949,0.5970436637986267
25,15,0.6283,0.6254995924030469,0.6393426566188809,0.6321565305279586
25,16,0.5893,0.5937113136701561,0.5679524659185023,0.580222977395785
25,17,0.5254000000000001,0.5236605040038542,0.5642908102250209,0.5430140409750148
25,18,0.6653,0.6555897046357076,0.6968235494062419,0.6755041973464335
25,19,0.704,0.6711481769417993,0.8000108614992332,0.7299110083303331
25,20,0.6163000000000001,0.6049125905948121,0.6715077426669479,0.6363078270450373
25,21,0.5435,0.5405357013269423,0.5819507176982298,0.5604290456104482
25,22,0.7007,0.7027056224507241,0.6956345629501833,0.6990868595246121
25,23,0.6763000000000001,0.682235322171488,0.6599115541940437,0.6707989630099672
25,24,0.6608,0.7009255019305176,0.5621034067805653,0.6235823569434188
25,25,0.6495,0.6553023179414527,0.6311222842108567,0.6428835404986651
25,26,0.5475000000000001,0.5410257213284562,0.6257576515497714,0.5802529316010526
25,27,0.6864000000000001,0.6835104396006556,0.6941855439534452,0.688605163417819
25,28,0.7491,0.7503662933737424,0.7467733166898112,0.7484153330252157
25,29,0.6876,0.6932995470333936,0.6728095505913112,0.6828248399847544
25,30,0.6443,0.6275710756978625,0.7098684109124651,0.6661228129103349
25,31,0.5951000000000001,0.5963077495409103,0.5908383733255194,0.5933706201605105
26,0,0.6719999999999999,0.6643419828049206,0.6954806927761019,0.6793957127262029
26,1,0.5955,0.6057928790213134,0.5477888263178429,0.5749445278516359
26,2,0.7600999999999999,0.7618831725519779,0.756854249949636,0.7592944130102094
26,3,0.6998,0.6872401150024396,0.7334260389363172,0.7095490945178822
26,4,0.7453000000000001,0.7663776713424022,0.7059148933157493,0.7348045936260417
26,5,0.6839999999999999,0.6648090228038706,0.7429057817843446,0.7014889287198828
26,6,0.6893,0.6845445115261567,0.7028489915358803,0.6934371430083199
26,7,0.635,0.6429242751177835,0.6074968779720653,0.6246151160138982
26,8,0.6348,0.6305146949491789,0.6510128953051243,0.6404387617791093
26,9,0.6834,0.6836374143334452,0.6830560641101371,0.6832989545930086
26,10,0.744,0.7767299168484394,0.6850644187316474,0.7279844955577992
26,11,0.6257999999999999,0.6153414568971052,0.6724542434284391,0.6424647594572235
26,12,0.6029,0.617221088096095,0.5424781187202433,0.5772769362234608
26,13,0.5609,0.5611969138493945,0.5581016041925735,0.559287565139444
26,14,0.6257,0.6218530399983726,0.6424538156840669,0.6318446987441287
26,15,0.5704,0.5623362100501476,0.6373890263470501,0.5973064676337327
26,16,0.5693,0.5632660198858189,0.6164512633959712,0.5881118537000078
26,17,0.6220000000000001,0.6332011675590797,0.5801002438388259,0.6052867700813298
26,18,0.6498000000000002,0.6554671188143051,0.6319626356636583,0.643194963190367
26,19,0.6691,0.6742069534002517,0.6547590685381383,0.6642639329159591
26,20,0.6908,0.6821262508522503,0.7150750398979326,0.6981190471929153
26,21,0.5570999999999999,0.5526842268592218,0.6012541235614862,0.5758326311590453
26,22,0.5771,0.5757703316568918,0.5865044937851259,0.5807747466960251
26,23,0.5432,0.5386660962626445,0.6063423525524011,0.570034387783316
26,24,0.5795,0.579042436089396,0.5823699935278634,0.5806694160524308
26,25,0.5266,0.5248204754885337,0.5680194646065712,0.5454060343197853
26,26,0.5391,0.5333168213059072,0.6294704309155208,0.5771990713862424
26,27,0.5656000000000001,0.5623828504501438,0.5954310286218016,0.5781146215352991
26,28,0.5523,0.5497128405080037,0.5799508229021856,0.5642879456615748
26,29,0.6075999999999999,0.6211114202661614,0.5523271737511225,0.5845761996187873
26,30,0.725,0.705351001532372,0.7727747111284093,0.7374808166331152
26,31,0.6317,0.6558313476437915,0.5543841116954863,0.6007426597812506
27,0,0.6162,0.6054110167948645,0.6661372753751926,0.6341768176478739
27,1,0.5351,0.5336215422823711,0.5572913337014599,0.5450092363460335
27,2,0.7346999999999999,0.7391055948466843,0.7261231338119304,0.7323481673556241
27,3,0.6954,0.7068807355646465,0.6684065477996705,0.6869816946809634
27,4,0.6680999999999999,0.6637722244557731,0.6816478450245637,0.6718751226962226
27,5,0.5651,0.5675243114782622,0.5567055141932971,0.5615084547874549
27,6,0.6928,0.6997594139214802,0.6756701603991152,0.6873992215758238
27,7,0.6709,0.6349305511515244,0.8050844811957255,0.7098217685057675
27,8,0.7775000000000001,0.7689561992163704,0.7937778421960704,0.7810321328441681
27,9,0.7273,0.70929630773237,0.770848212449698,0.738680979880791
27,10,0.5641999999999999,0.5640481165675,0.5656852517469263,0.5647945439996317
27,11,0.6694,0.6594309700678417,0.7018085227343359,0.6797419283900562
27,12,0.6940999999999999,0.6830891766481682,0.7242932416793482,0.7029708474236154
27,13,0.6123999999999999,0.6219575563642005,0.574068640830148,0.5969515117250037
27,14,0.6067,0.6158030877117534,0.5685233613080738,0.5909449703253169
27,15,0.751,0.7588263411520163,0.7360465603484073,0.7472134599178143
27,16,0.6719000000000002,0.6584765495969949,0.7145644872756863,0.6852904138674072
27,17,0.5207999999999999,0.5200662503197839,0.5306001912462867,0.5250446699906066
27,18,0.6102000000000001,0.6116372989292002,0.6042822592831729,0.6077798393101298
27,19,0.5681999999999999,0.5743003218101123,0.5292273469331995,0.5504343531458985
27,20,0.6288,0.6175651520337432,0.6761580011394914,0.6454863133173188
27,21,0.6494,0.6633908728251996,0.6079165185237869,0.6341257528245978
27,22,0.6758,0.6835812581231725,0.6545748875022446,0.668697136467377
27,23,0.6483,0.6328542633044373,0.7072524697719766,0.6678764081745451
27,24,0.7276,0.7362210462779493,0.7096613518032306,0.7226047667702111
27,25,0.6813,0.69807460875834,0.6389911165973776,0.6670399269606806
27,26,0.681,0.6898138176393569,0.6580686497616531,0.6734480777472526
27,27,0.5664,0.5745339561881093,0.5124871330585836,0.5412508239125188
27,28,0.6515,0.6595115002206121,0.6265463033551661,0.6424527519455313
27,29,0.5947,0.5927433128336563,0.6066910763685349,0.5995269262034386
27,30,0.7285,0.7225695711321319,0.7421043827397396,0.7320525662973958
27,31,0.5831000000000001,0.5747362533958087,0.6395279597840472,0.6052109905411023
28,0,0.5448999999999999,0.5521902654627315,0.47560860258805715,0.510543575597491
28,1,0.6475,0.6611181482457092,0.6060966374129164,0.6322200104846694
28,2,0.6955,0.6799972632808087,0.7396541187558184,0.7082725987705596
28,3,0.6674000000000001,0.6796451058405184,0.6336522458833757,0.6557572456943085
28,4,0.5998,0.5893948554996915,0.6581031460602993,0.6217393609359574
28,5,0.5831000000000001,0.5724940473899534,0.6562412143417706,0.611451157024007
28,6,0.5598,0.5572566678043172,0.5833078056744302,0.569781246266811
28,7,0.6283,0.6278721079095946,0.6301553087495168,0.6289730433566625
28,8,0.6378999999999999,0.6474895152613864,0.6063486557194433,0.6259865634381048
28,9,0.5569,0.5614208367374411,0.520608541825483,0.5400430376539344
28,10,0.7039,0.6997907527155417,0.7141823493075945,0.7067078458884192
28,11,0.631,0.650528983659049,0.5662359299876839,0.6053305546395433
28,12,0.6455,0.6566649167181111,0.6103023242963752,0.6325234440552523
28,13,0.7143,0.7017547729966845,0.7454324963513962,0.7228733592134196
28,14,0.5753999999999999,0.5716835909050472,0.6022634815784064,0.5864843623172701
28,15,0.5901,0.6043742639573575,0.5238799770426571,0.560919683045375
28,16,0.6106,0.594909270881166,0.6926831070579974,0.6399112695147345
28,17,0.7379000000000001,0.727941176405207,0.7598418732794572,0.7434731081652103
28,18,0.6228,0.6240069208852677,0.6185376240877519,0.6210653327931536
28,19,0.5881,0.5939368068306956,0.5571242831659172,0.5747550778587803
28,20,0.6392,0.6312684524860142,0.6713226071151568,0.6503462374416055
28,21,0.5670999999999999,0.5661746431480245,0.5750161047131748,0.5701762282975353
28,22,0.5342,0.534090986366538,0.534641431271366,0.5340054200086517
28,23,0.6696000000000001,0.6761947305548858,0.6518028377625958,0.6634872867384025
28,24,0.5926,0.595194240963002,0.580742254885363,0.5875744412122199
28,25,0.6567999999999999,0.6547740053477672,0.664432711857905,0.6592639319364044
28,26,0.5349999999999999,0.5339278077736828,0.5450836236991577,0.5389897647294544
28,27,0.5388,0.5365615307083359,0.5735079110432126,0.5541122127994733
28,28,0.686,0.6854099689048152,0.6876088624996539,0.686471803861115
28,29,0.7026999999999999,0.699978389348437,0.7106361903701636,0.7050227424805462
28,30,0.7171,0.7249499545748161,0.7004258638881278,0.7122051627117195
28,31,0.6079,0.611196730781198,0.5934310652569523,0.6020953016701409
29,0,0.6386999999999999,0.6453771584573793,0.616323366752851,0.6303266066709485
29,1,0.6701,0.6824935509645723,0.6361821668392132,0.6584821298012954
29,2,0.6317,0.6422539076572119,0.5948534199397535,0.6176128385947341
29,3,0.6829000000000001,0.7033908125580692,0.633037856640444,0.6661394268749239
29,4,0.6277,0.6178627355198948,0.6704369653659255,0.6428657414083565
29,5,0.6164000000000001,0.6146466042449593,0.6248978695894815,0.6196038119902827
29,6,0.5868,0.5892291046056308,0.5757082405369631,0.5820108314789604
29,7,0.5959000000000001,0.6065392338153883,0.5457365880753876,0.5744510622072765
29,8,0.6435,0.6416793474511169,0.6508409331702276,0.6460593916324463
29,9,0.5458999999999999,0.5442180948373108,0.5664159669361808,0.5550236480619093
29,10,0.6405,0.6362610513230846,0.6562570370937537,0.6460530006341343
29,11,0.5917999999999999,0.599861510160724,0.5525069692363352,0.5749794791924392
29,12,0.7088999999999999,0.7182177813677602,0.688248208564939,0.7027145591523406
29,13,0.5725,0.5707420917206887,0.5841382229649488,0.577321769141621
29,14,0.6494,0.6639143143530877,0.605968266609493,0.6332484416314023
29,15,0.7196,0.7154449582921769,0.7296802382347659,0.7223909584377164
29,16,0.6366,0.6497224438110869,0.5924846840509582,0.6196181342219276
29,17,0.6296,0.6245326463257557,0.6498422693078667,0.6367881974507673
29,18,0.6289,0.638995437239082,0.5932638774055412,0.6151886568551918
29,19,0.5737,0.563829935149057,0.6517433185372895,0.6044750375666774
29,20,0.541,0.5407845705509245,0.5405462949046524,0.5404364856856934
29,21,0.6603000000000001,0.6497604255735875,0.6954137983051288,0.6717930461679245
29,22,0.6557999999999999,0.6749059505676221,0.6027528189197663,0.6363494955141109
29,23,0.5855,0.5840024181882105,0.5951281509949152,0.5892235099290237
29,24,0.6964999999999999,0.7045862148538093,0.677515302743625,0.6904888952412909
29,25,0.6507,0.6681676932199329,0.5999412976928739,0.6319388460749404
29,26,0.6151000000000001,0.6053333962076791,0.66100321594965,0.6319162666182618
29,27,0.6239,0.623895100462819,0.626236214027102,0.6246471273347429
29,28,0.5834,0.5964881276979221,0.5160114896682584,0.5532489369562412
29,29,0.6406,0.6532600570219279,0.6000900028997778,0.6253060017716099
29,30,0.6848000000000001,0.6877580197867675,0.677682326650441,0.6824469578175238
29,31,0.7017,0.7248458172308143,0.6504265684772023,0.6853505848207236
30,0,0.5719999999999998,0.5962609877507629,0.44856691636257917,0.5114893675932691
30,1,0.591,0.5935268755829888,0.5811423895278205,0.5868234622738593
30,2,0.7433,0.7542282732389672,0.7224785547052505,0.7378268858269286
30,3,0.6412,0.6474291962447755,0.6219030156788342,0.6340402909898886
30,4,0.6212,0.6526463253717985,0.5190889086200691,0.5780098977117937
30,5,0.5904,0.5993464328350733,0.5464281913910478,0.571575365499166
30,6,0.6151,0.608960109298039,0.6446240247319145,0.6261746217953124
30,7,0.7897000000000001,0.7930624546293747,0.7842095092015734,0.7885291399926154
30,8,0.6142,0.6260292856116034,0.5678213022058793,0.5954113949935983
30,9,0.6043,0.6031348047002851,0.6101825894157675,0.606626357706026
30,10,0.6355999999999999,0.6342293427493326,0.6414915320616043,0.6376487331567149
30,11,0.6033,0.6049445954300182,0.5968678469268903,0.6007114137930575
30,12,0.6391000000000001,0.6413055228450829,0.6315981068042273,0.6363295668659563
30,13,0.5632,0.5746329384075098,0.4861214411351041,0.526528634269362
30,14,0.5185,0.516837078374828,0.5732729947710467,0.543473306783132
30,15,0.7039,0.6975351350145683,0.7200065748781197,0.7085032931813287
30,16,0.6943,0.6958977179831256,0.690884945345178,0.6931874666711688
30,17,0.5340999999999999,0.5347719845858936,0.5209180379908582,0.5273334422155482
30,18,0.7302000000000001,0.7215492254200581,0.7500413899303433,0.7353750072937386
30,19,0.6293,0.6489527908943807,0.5636862556982125,0.6031662334916295
30,20,0.6373,0.6621878891846054,0.5626440762323693,0.6078975261318943
30,21,0.7449,0.7434466776510705,0.7484782727997634,0.7457979557689958
30,22,0.6159999999999999,0.6172091776489886,0.6108601152857867,0.6139052534396761
30,23,0.6263,0.618682147361883,0.6588877367873902,0.6379330332643243
30,24,0.6049,0.6226937250220698,0.5329469146558209,0.5740347285012233
30,25,0.6142,0.6304316293941756,0.5529388572111154,0.5889257901928647
30,26,0.6427999999999999,0.661497951804449,0.5853026215430918,0.6209522751360739
30,27,0.7013,0.7022775825331085,0.6985286406497829,0.7003209443853546
30,28,0.5852,0.5965787946713086,0.526576031369418,0.5591788584637707
30,29,0.5599999999999999,0.5995779526020153,0.36880482636823314,0.45460499441189056
30,30,0.6005,0.6029932932163783,0.5895247922433422,0.5956656912421145
30,31,0.675,0.6916385475344324,0.6316033145353193,0.6602442656564179
31,0,0.6877000000000001,0.6870016631797482,0.6896579069093475,0.68826353619868
31,1,0.6403999999999999,0.6480893388289379,0.6146304005047178,0.6308236371434784
31,2,0.5841000000000001,0.5920070035491648,0.5428823885993364,0.5661513874956368
31,3,0.5816,0.5783682771529677,0.6038994940815121,0.5906012640978235
31,4,0.7770999999999999,0.778548620710209,0.7756377570204107,0.7768956610903571
31,5,0.7632,0.7624811993941029,0.7650876187457726,0.7636617134821202
31,6,0.6294,0.6344482425741148,0.612692388544853,0.6230904476487511
31,7,0.6077,0.606821626916028,0.6131007070859336,0.6096450479528183
31,8,0.6069,0.5999743273614844,0.6432112035932542,0.6206983609386608
31,9,0.5545,0.5555841498935,0.5453319014359238,0.5502280562693875
31,10,0.5788,0.5854845899260106,0.5397916409493158,0.5616836521176607
31,11,0.7038,0.7017446056652886,0.7090951186824486,0.7053514089863747
31,12,0.5356,0.5408404625285855,0.46862565561983266,0.5018172993573445
31,13,0.6479,0.6672983690714784,0.5904062581367354,0.6263803166045816
31,14,0.6397,0.6462620468880617,0.6176335578864183,0.6315355078873234
31,15,0.6285999999999999,0.627670731763091,0.6320683518513045,0.6298173262618469
31,16,0.5293,0.5273032934690278,0.5692097734764581,0.5473650615096981
31,17,0.7102999999999999,0.7127694204270062,0.7052250867496633,0.7087842071580767
31,18,0.7127000000000001,0.7193200773610149,0.6976578706406877,0.7081769009528223
31,19,0.5671999999999999,0.5645515293808985,0.5880503356537344,0.5759285101756904
31,20,0.6753,0.6902882512930639,0.637117168415281,0.6621105812067793
31,21,0.6233000000000001,0.6269643905445825,0.6093801221942655,0.6178403697052004
31,22,0.5901,0.5779087073789684,0.669585492890644,0.6203097840542547
31,23,0.6664000000000001,0.6745413600865442,0.6437452794360846,0.6585718520215557
31,24,0.6113,0.6166201540673883,0.5881701039768517,0.6020365158223225
31,25,0.5498,0.5451303171866639,0.6027898418122686,0.5724155934870507
31,26,0.6359,0.6282904326991072,0.665799691548098,0.6464261243017205
31,27,0.7690999999999999,0.7697402650897467,0.7680213721526916,0.7688548014092091
31,28,0.5952,0.5865037962425026,0.6455935126741348,0.6145820952625373
31,29,0.6175,0.6240795363675409,0.5914772449724826,0.60704907205871
31,30,0.6089,0.5964173920027114,0.6744415080390895,0.6329657425783652
31,31,0.6936,0.7098675363157965,0.6554805107265614,0.6814095013910114
